{"K": [0, 1, 2, 4, 8, 16, 32, 64, 128], "ACC": [0.7161246538162231, 0.7285738587379456, 0.6872177124023438, 0.7004290819168091, 0.6920449137687683, 0.7085027098655701, 0.7473746538162231, 0.8177506923675537, 0.7974254488945007]}