{
  "K": [
    0,
    1,
    2,
    4
  ],
  "ACC": [
    0.7161246538162231,
    0.7196815609931946,
    0.7044376730918884,
    0.7506775259971619
  ],
  "ACC_MODEL": 0.8279697299003601
}